Size,EntryBar,ExitBar,EntryPrice,ExitPrice,SL,TP,PnL,Commission,ReturnPct,EntryTime,ExitTime,Duration,Tag,"Entry_ADX(H,L,C,14)","Exit_ADX(H,L,C,14)","Entry_PLUS_DI(H,L,C,14)","Exit_PLUS_DI(H,L,C,14)","Entry_MINUS_DI(H,L,C,14)","Exit_MINUS_DI(H,L,C,14)","Entry_EMA(C,12)","Exit_EMA(C,12)","Entry_EMA(C,50)","Exit_EMA(C,50)","Entry_EMA(C,5)","Exit_EMA(C,5)","Entry_EMA(C,7)","Exit_EMA(C,7)","Entry_ATR(H,L,C,50)","Exit_ATR(H,L,C,50)","Entry_double_wma(H,30)","Exit_double_wma(H,30)",Entry_upper_band,Exit_upper_band,Entry_lower_band,Exit_lower_band,Entry_stopDist,Exit_stopDist,PnL_USD
4,544,559,16832.67,16920.84,,,217.66596000000754,135.01404000000002,0.003232790163414408,2023-01-06 16:00:00,2023-01-06 19:45:00,0 days 03:45:00,,29.449623416266313,36.59698931067847,26.884209585400132,43.32951914614349,14.371157587478791,9.093555076978094,16775.461209735626,16857.599769702905,16775.83811645867,16807.893102775044,16799.475471368893,16891.245507900763,16790.047162923867,16878.749466876943,25.839289584135983,25.729694819832687,16758.661162446733,16781.988950846164,16853.16134505568,16880.638190271526,16654.18732410218,16676.05651877378,135.8032239997128,15.553008274500675,3.232790163414408
5,765,824,17032.68,17224.35,,,787.0648499999913,171.28515,0.009241820429902802,2023-01-08 23:15:00,2023-01-09 14:00:00,0 days 14:45:00,,34.22797968379752,41.91149705055087,40.777582585764044,22.941980692327974,6.488513993108683,25.51820626039816,16981.968871145753,17244.62251388107,16953.491147028788,17202.84363487971,17006.08608272858,17240.769717661773,16996.346312460733,17243.194045089294,17.35203137336098,25.41545674140333,16944.909791729537,17228.597283139006,17012.469664867996,17380.529791026343,16880.972914454236,17138.5972278504,107.6006708930882,95.22425141646391,9.241820429902802
5,828,849,17263.78,17237.4,,,-304.4058999999869,172.5059,-0.0035265266355338767,2023-01-09 15:00:00,2023-01-09 20:15:00,0 days 05:15:00,,35.27503677178045,31.19950198570334,30.464074678850178,16.973837738997588,15.974529272747256,27.44850791761583,17247.396797231635,17303.387862301264,17209.765872791984,17270.476364740578,17249.267228180102,17278.07937221662,17248.447920516533,17289.910265608465,27.02643918852776,32.28105866388127,17234.450552680773,17290.3236706058,17389.929641930183,17434.92816871875,17139.06654293233,17175.089609621933,120.94432592011064,137.88653448674052,-3.5265266355338767
2,1055,1080,17901.06,18084.94,,,295.7879999999948,71.97200000000001,0.008261745393848122,2023-01-11 23:45:00,2023-01-12 06:00:00,0 days 06:15:00,,48.13185552190578,68.80493194735469,50.89098483944772,27.36175279397419,5.118100987432734,17.344845187678324,17663.61900823239,18162.888058172713,17519.817666690473,17935.9757155029,17775.57424102057,18141.347543337688,17729.57440020678,18153.584119764793,41.77610963875951,51.4235996015502,17484.74967211724,18009.722670799296,17655.973803872857,18329.952605569593,17316.035809435583,17808.7385581954,298.15086205303174,174.3173127615844,8.261745393848122
4,1095,1101,18163.23,18171.32,,,-112.97819999999942,145.3382,-0.0015550400451902662,2023-01-12 09:45:00,2023-01-12 11:15:00,0 days 01:30:00,,30.36982968686917,28.66355510380361,22.6500103255482,26.783363415381018,18.469051494029785,14.83018423940641,18147.222788304844,18165.44288363847,18028.75093837071,18060.04963571046,18154.208512683235,18174.21310673762,18150.466771430532,18171.624576751186,47.26959628267849,45.72197072070698,18154.72171650022,18159.215429237753,18502.347827639118,18503.54965666234,17979.410080255904,17992.22131448099,118.83730908135124,17.15888838772998,-1.5550400451902662
1,1127,1168,18654.53,18876.12,,,184.05935000000017,37.530649999999994,0.009866737462696831,2023-01-12 17:45:00,2023-01-13 04:00:00,0 days 10:15:00,,36.125461953587774,21.17751473913823,43.619551655445676,23.546459334474733,13.038116679553461,15.064251760075612,18317.763961066357,18835.871441868476,18163.943649977213,18707.41448569175,18500.84090333985,18848.505041148426,18420.54245850307,18843.54938886373,81.54345715609014,79.39067367665889,18167.393498425074,18829.31342876017,18607.60998755752,19318.567501054455,17867.469302358135,18515.877424758328,534.3329459372026,21.287021147538738,9.86673746269683
1,1249,1284,20270.72,21005.84,,,693.843439999999,41.27656,0.034228850282574975,2023-01-14 00:15:00,2023-01-14 09:00:00,0 days 08:45:00,,56.019018519474024,42.293170896873576,43.86710367333061,24.849639379349984,6.954260772968351,19.811136343261175,19942.40440221297,20924.430059972263,19466.65391196455,20559.221552939867,20137.171798552863,20928.939827902672,20068.513078656455,20930.896565335257,105.47339557217087,114.66043667524838,19432.939966333306,20830.784899990515,19904.910975757666,21556.005245922905,19057.97214378818,20428.463878298156,607.296479679756,44.7984328589622,34.228850282574975
3,1407,1417,20911.24,20779.37,,,-520.6818300000078,125.07183,-0.008299871743617442,2023-01-15 15:45:00,2023-01-15 18:15:00,0 days 02:30:00,,26.114205538968395,33.94152496267121,34.146180598623296,21.70634979820273,8.741761262130598,24.521975066046,20816.610721572648,20871.735176889466,20755.577629984957,20802.488070165513,20874.456930831806,20857.638281210042,20853.290082867432,20869.578708060493,79.8707532444931,83.78434032388199,20717.711963405007,20777.947221955175,21028.367415327913,21099.941418775623,20398.06409081607,20444.212163975048,176.61376571194253,51.06411695522201,-8.299871743617443
4,2693,2694,23206.91,23393.44,,,559.7185999999954,186.4014,0.006029654529620742,2023-01-29 01:15:00,2023-01-29 01:30:00,0 days 00:15:00,,30.41541118211095,33.78263710180135,54.37341016884518,46.93528501997673,6.872883253275244,5.932692715056715,23114.18454606927,23149.036154366306,23040.552119980748,23052.323409393266,23207.258874661406,23251.745916440937,23167.735835765146,23210.981876823862,51.59672628091647,53.29619175529813,23015.199787328642,23019.079859306137,23214.054082513252,23223.854246809507,22801.629100767095,22800.181878435462,206.49903421340434,48.874851033692664,6.029654529620742
2,2767,2785,23931.54,23773.85,,,-410.79078000000464,95.41078,-0.008582623182628502,2023-01-29 19:45:00,2023-01-30 00:15:00,0 days 04:30:00,,37.505477746974734,16.286066222187777,35.36602231204743,20.266803371064352,8.250115285331832,21.58371553475079,23735.80230501451,23761.58903430859,23519.496661843532,23647.999557858977,23835.01384380477,23748.38809872864,23799.314356398812,23755.341229385107,73.81848520762607,76.14406352426812,23534.79153731169,23708.02220106483,23853.968593017078,24014.67813693429,23274.486731630815,23440.553832049914,325.3982791980187,40.207295405809326,-8.582623182628502
1,3061,3093,23705.28,23924.89,,,171.9798300000006,47.63017,0.0072549166261694645,2023-02-01 21:15:00,2023-02-02 05:15:00,0 days 08:00:00,,19.186753663471666,18.934666239351934,27.511645177958314,23.846584737815746,17.526504899400322,19.151613110105277,23433.384391160733,23895.80217351424,23180.636368532254,23689.06614258847,23610.488355320118,23891.135210895747,23550.794725692012,23893.406987858485,88.32125179070445,85.56508901017924,23085.04456641089,23813.73457553732,23414.727636931497,24325.32688608377,22745.137979762454,23487.42034107912,537.124861113454,30.67798212589895,7.254916626169464
2,3646,3660,23276.24,23247.5,,,-150.5274800000032,93.04748000000001,-0.0032335007716023986,2023-02-07 23:30:00,2023-02-08 03:00:00,0 days 03:30:00,,24.978034828948353,34.275784851324985,26.035328431478217,22.068115576668944,12.490330668422779,13.136703878036538,23215.326042395915,23272.66838816008,23085.212275268845,23170.58207969662,23252.211661998783,23265.558640965515,23241.767533064827,23271.21735508109,74.05763833106283,70.08944254959145,23068.30953060927,23201.948098705834,23359.51488638098,23504.21944104322,22785.649468431682,22930.661675614025,241.42191697537478,26.79467850423485,-3.2335007716023987
1,4285,4321,22295.35,22176.9,,,-162.9222499999971,44.47225,-0.007307454244943311,2023-02-14 15:15:00,2023-02-15 00:15:00,0 days 09:00:00,,36.79965281352306,12.927322915767002,37.53848098999013,20.40663207679724,17.86535034910354,23.029309287258677,21938.724806253176,22204.23202430053,21811.99414391877,22090.723870392074,22068.27995513578,22196.727043583356,22013.335063249804,22201.413906708072,72.28235317037533,70.77527603452933,21791.907261401717,22144.818600177074,22077.196401236233,22475.17591916425,21530.855013211232,21872.928737860602,532.1250310223297,24.769403244134157,-7.307454244943311
3,4367,4369,22462.02,22690.35,,,549.5328899999943,135.45711,0.008154993629246,2023-02-15 11:45:00,2023-02-15 12:15:00,0 days 00:30:00,,31.75245534106993,39.683734446840226,50.20912077960538,61.905907193738116,5.557541346891926,3.057390617336051,22265.154608339995,22399.018506562956,22164.516215641703,22208.272162151374,22351.611375654033,22568.392833624013,22317.74403818848,22502.12977148102,53.26932059754823,61.90389550188538,22140.658951817124,22154.981644906897,22408.194811718604,22447.57894616639,21926.01804158726,21910.444648741977,33.24477482652019,58.53318642525316,8.154993629246
1,4397,4442,23176.97,24724.21,,,1499.338819999998,47.90118,0.06469089013792553,2023-02-15 19:15:00,2023-02-16 06:30:00,0 days 11:15:00,,46.790307815368465,58.717143245482376,40.08302381578977,29.144879829858876,6.591555079080252,10.899096814922391,22952.141999556126,24676.78536178108,22640.10483541828,24239.991574255877,23081.174950859247,24687.37785005793,23031.081918096294,24685.010584985117,78.87849548264101,96.56729555543778,22684.82966667445,24539.161008147646,23128.635244776866,25177.66159705407,22388.020053380144,24200.89864038054,368.92476694706437,31.964082188864186,64.69089013792554
1,4593,4601,24957.99,24176.12,,,-831.0041100000026,49.13411000000001,-0.03329611519196869,2023-02-17 20:15:00,2023-02-17 22:15:00,0 days 02:00:00,,30.787026782447906,29.025431662257798,37.16035143274412,18.985215007848595,10.88025494143956,31.046857633448454,24518.472823921675,24523.061928201503,24167.825520785675,24280.592843599195,24711.06353836864,24449.04971891821,24638.592434985265,24493.300622038856,140.3952006474611,149.7295873476363,24090.578709832615,24297.275679039114,24678.45305639832,24966.799220113193,23474.987636846414,23694.146575258233,615.2124517560221,696.0389459241768,-33.296115191968696
1,4610,4618,24727.14,24558.46,,,-217.96560000000028,49.2856,-0.008814832609027996,2023-02-18 00:30:00,2023-02-18 02:30:00,0 days 02:00:00,,17.20318943795708,11.862542602656308,25.567638205215324,19.8694073156655,20.797228742409136,22.21628630275328,24613.297812106823,24612.68874375284,24386.780254687,24450.61167916156,24646.27486084876,24601.555313881618,24634.386563734402,24608.545329508386,151.9926402382682,140.72053911924743,24468.087390281307,24563.712781995222,25177.772354124325,25228.27189566307,23894.16757566489,24047.29639156568,540.9180746986054,52.39920906976493,-8.814832609027997
4,4658,4687,24618.52,24600.43,,,-269.2358000000006,196.8758,-0.002734077840585032,2023-02-18 12:30:00,2023-02-18 19:45:00,0 days 07:15:00,,21.351736229837336,23.306027177603255,21.73193797562497,19.185488684808547,16.77862352681105,23.68432444232093,24556.593225099914,24676.38504786324,24543.27651085244,24630.797686138816,24575.908369815144,24655.056611851553,24566.31623293425,24666.8730206483,93.19281375060466,83.70555721123914,24574.50849642873,24638.668415957167,25054.736711099587,24973.80421160482,24231.438146638553,24311.640584397635,134.35283433797076,179.30098922439177,-2.734077840585032
2,4767,4769,24900.0,25171.17,,,442.1976599999965,100.14234,0.008879471084337365,2023-02-19 15:45:00,2023-02-19 16:15:00,0 days 00:30:00,,31.561893437172525,38.82371095154935,32.378478713643645,39.28636338823677,4.984744409502465,3.335068702572155,24785.472506628605,24880.396055041783,24703.073175503032,24735.357698724638,24850.809049248182,24996.856244110306,24825.959814610458,24953.126770718383,62.330585889456536,69.0900506882341,24669.534819441626,24683.57500822647,24912.70301080309,24951.100054047347,24416.696940602247,24406.539632950968,216.5579581293764,64.66081967789108,8.879471084337364
2,6773,6774,20898.16,21042.16,,,204.11936,83.88064,0.0048836682272505785,2023-03-12 17:45:00,2023-03-12 18:00:00,0 days 00:15:00,,20.305294714004187,23.532928070328076,42.99927421080491,40.22724964238963,9.32681932487009,8.3880433461635,20740.17962668741,20779.033530273962,20619.307093794887,20633.95112933234,20856.782232413578,20902.098154942385,20808.43347678548,20854.507607589112,76.505889308733,77.60337152255836,20593.367098796098,20599.702249927257,20898.496501065347,20907.423489398978,20311.702645626658,20314.350313153027,56.29498235258507,57.547651372240466,4.8836682272505785
1,6792,6829,22023.56,22557.2,,,489.0592399999994,44.580760000000005,0.02220618464952985,2023-03-12 22:30:00,2023-03-13 07:45:00,0 days 09:15:00,,44.00281848050771,42.446006654623524,37.16201993969856,29.700670094169745,8.260649517385595,11.2180788457817,21541.05938366788,22473.549093869125,21059.01199131905,22112.50802747805,21757.444113402013,22509.036438672352,21676.933543214538,22495.86071317167,131.7378566501594,132.793257168187,20994.45864012279,22358.020674793752,21555.153468229462,23110.72486579584,20520.220636919297,21890.351906666958,840.8964701726253,49.5758591512692,22.20618464952985
1,6855,6892,23050.0,24147.81,,,1050.6121900000012,47.197810000000004,0.045579704555314605,2023-03-13 14:15:00,2023-03-13 23:30:00,0 days 09:15:00,,30.75756751487362,34.69264603228387,45.097235955751074,18.0557303326526,9.532924242501553,18.588145357648177,22592.173670071224,24226.593205239195,22271.8254285309,23777.230484257027,22928.703759595785,24207.62101244349,22788.412406359388,24218.470696354456,174.62236039221725,184.57663652290424,22284.84153073874,24117.46991008149,23224.677878768,25350.21297179877,21619.275617512772,23359.47154271444,1132.3975878178348,67.79355708747329,45.579704555314606
4,6945,6946,25627.5,26007.98,,,1315.3780799999981,206.54192,0.012831705004389774,2023-03-14 12:45:00,2023-03-14 13:00:00,0 days 00:15:00,,37.744647083354856,41.00156856994316,49.19646119305332,50.137715450931594,5.329349482402709,4.55552350817648,25009.887264774687,25226.952300963196,24535.088158715807,24609.038034844598,25382.77940128911,25728.789600859407,25233.758989952217,25530.521742464163,184.7954911943927,192.12638137050487,24492.8577364818,24514.69750625866,25305.64582738299,25343.6012067533,23827.1396961746,23822.273978082518,169.75962686772905,183.88100995203186,12.831705004389773
2,7115,7123,24670.0,24507.53,,,-423.2950600000023,98.35506000000001,-0.008579145926226236,2023-03-16 07:15:00,2023-03-16 09:15:00,0 days 02:00:00,,22.901273700691743,26.756825372063805,25.810383849213657,18.70434590442671,11.030660967718607,20.357482431438388,24539.984215942302,24602.625458410992,24480.54258549185,24524.705999793066,24627.833014930897,24596.639392138746,24595.286296041926,24607.8013486989,150.57657918695685,141.91970740334182,24412.721517020338,24466.022819197915,24970.469754032205,24991.309094362678,23756.481580334894,23865.877050067404,243.7661652639677,226.36294376429817,-8.579145926226236
2,7129,7134,24984.4,24907.89,,,-252.80458000000408,99.78458,-0.005059248571108503,2023-03-16 10:45:00,2023-03-16 12:00:00,0 days 01:15:00,,31.399529222097055,31.632338950952146,34.89126131350963,24.501952425492064,11.461776368001958,16.106895420506284,24791.7800797355,24835.153604515795,24601.247512291335,24650.849720111837,24904.583760078025,24862.97242931069,24863.24043535193,24862.543267373556,150.17067109431744,148.5063052122062,24530.393820978512,24607.49035508269,25093.991510057625,25181.378143637216,23922.85711732464,24020.361810915798,360.77453941140266,73.49659443963155,-5.059248571108503
2,7721,7724,28530.12,28754.4,,,333.990960000005,114.56904,0.005853304507657175,2023-03-22 14:45:00,2023-03-22 15:30:00,0 days 00:45:00,,25.503672915600216,33.271802370338996,37.920582752804854,30.493446497567962,7.875608687388653,7.440532132537937,28414.55533640298,28526.313524238674,28280.95841782379,28328.15117442425,28511.03923430002,28641.894217570374,28475.551754990403,28603.951834136577,104.48732403784449,106.8181215658269,28247.48214579926,28272.962599477938,28660.330437982026,28693.41132499721,27851.24483541975,27869.202489683088,300.39003418662844,68.70694222933471,5.8533045076571755
3,8094,8101,27892.6,28086.24,,,412.9834800000092,167.93651999999997,0.0049354007873056325,2023-03-26 12:00:00,2023-03-26 13:45:00,0 days 01:45:00,,35.9511845665191,47.597736593156704,41.01881547729441,40.72925783063999,7.777501973836875,5.71983498193399,27751.23326769796,27928.990710693593,27630.35205683081,27717.042428063753,27817.110562616876,28039.08036671923,27792.675692537265,27999.881903050475,78.84462562186178,84.13416993718867,27606.513287946054,27676.02318670898,27927.78380238083,28013.696249108176,27284.05709818484,27350.607129901535,206.14949888944435,58.37723959666419,4.935400787305633
2,9476,9509,28333.77,28305.26,,,-170.29806000000409,113.27806000000001,-0.0030052135667086822,2023-04-09 21:30:00,2023-04-10 05:45:00,0 days 08:15:00,,44.95283270318384,23.708954115042378,42.493467309156514,24.217318675894557,5.581707436988782,19.350643553576592,28172.464911343453,28293.781335803786,28030.800814425882,28245.563539098574,28256.046513924648,28286.524083032364,28227.06387257084,28287.273559249727,53.112890152630534,56.346694045836585,27975.23217686382,28325.719033995985,28180.46299282838,28653.00408939719,27754.295843181204,28112.46051422984,316.2142307019027,26.172368436104712,-3.005213566708682
1,9554,9624,29065.09,30090.34,,,966.09457,59.15543,0.033239001496296695,2023-04-10 17:00:00,2023-04-11 10:30:00,0 days 17:30:00,,33.95223877813951,18.296673104496676,53.3045955667596,23.039957866979417,6.456344553830216,17.530322391482223,28621.977378886062,30093.90257021252,28396.826189688098,29895.49781634963,28840.58766986131,30098.113399709946,28752.115204137437,30095.37230405025,76.14684620476132,102.49626608635403,28338.866413223317,30075.416238591188,28661.710130119805,30560.80600462799,28056.0443971005,29714.538366138368,605.9009052192768,34.85075502953418,33.239001496296694
1,10319,10324,30268.25,30189.39,,,-139.31764000000058,60.45764,-0.004602764943463834,2023-04-18 16:15:00,2023-04-18 17:30:00,0 days 01:15:00,,34.71074391799497,25.823546663361753,25.535461514011224,19.062933813360665,19.298480582903267,22.16340263247951,30226.902475158462,30217.79304405616,30013.531051620557,30050.246406836144,30220.530566757727,30203.759868873447,30223.563665888665,30210.061533995064,87.58735806770045,87.22154731729869,30086.30668626406,30159.265526453717,30530.31358631921,30613.86343213577,29750.57712682208,29831.804612018128,343.0295957725525,47.45494248522773,-4.602764943463834
2,10336,10345,30271.17,30322.24,,,-19.046819999993303,121.18682,-0.00031460330076427947,2023-04-18 20:30:00,2023-04-18 22:45:00,0 days 02:15:00,,16.272730237204996,20.36572902117846,25.99279185503443,24.73375837922988,17.380597001532763,15.916998709546293,30230.620953485122,30327.442718560054,30109.284496477674,30184.42772939517,30269.714497851888,30352.079892948237,30252.713974520437,30346.510926744406,92.93712014217672,91.33169075585876,30210.909815458337,30231.22001603653,30689.03711262962,30712.614946857007,29873.797525721406,29896.071347739835,335.46543592080144,42.08487834105221,-0.31460330076427945
2,10703,10707,27658.43,27645.87,,,-135.72860000000261,110.6086,-0.0024536569863149228,2023-04-22 16:15:00,2023-04-22 17:15:00,0 days 01:00:00,,33.796078211000506,43.1314855563029,39.01072048652074,35.56278304586781,6.852363624305019,5.4495544356925265,27461.45327284724,27554.930022329627,27368.171814327696,27409.69622420503,27550.749904077617,27639.99356129928,27518.552488239304,27613.596881044465,75.77902948105042,77.6300198322222,27299.157419192416,27332.47410216929,27585.759875995856,27627.168282494393,26936.67354782576,26987.70416147557,216.6201436823458,48.773053689817104,-2.4536569863149227
1,11140,11146,29172.0,28808.42,,,-421.5604200000017,57.980419999999995,-0.014450857671740107,2023-04-27 05:30:00,2023-04-27 07:00:00,0 days 01:30:00,,13.692201647913226,13.91048327078998,25.745719617642372,18.146312406185036,16.757500553197456,25.84516265642191,29039.571778353915,28977.822216025626,28934.87411058518,28940.5504754807,29104.905284347315,28926.85407160251,29083.33323575578,28952.965807828605,204.58591212028244,200.00384151608878,28779.485654938468,28880.576081145788,29782.763272306045,29822.919094986337,27569.995352630012,27683.436798894494,538.9209871984923,562.6028169155411,-14.450857671740108
1,11781,11802,28990.0,29072.59,,,24.527410000000145,58.06259,0.0008460645050017757,2023-05-03 21:45:00,2023-05-04 03:00:00,0 days 05:15:00,,23.304690382128737,21.74604805282197,29.65673456968937,25.039404450519097,13.696365991634066,16.67121570860541,28644.637721001014,29045.255858090306,28514.86825188157,28824.73855888809,28805.981516266667,29066.893417359886,28740.915938619095,29061.057331456817,133.1565622562258,121.57022356943179,28429.167677944377,28848.676399384392,28946.756739423883,29405.312931927358,27854.704704359803,28327.798924678576,635.9502803925694,44.893094703172764,0.8460645050017758
2,14180,14206,27847.89,27944.68,,,81.99486000000175,111.58514,0.0014721916094900807,2023-05-28 22:00:00,2023-05-29 04:30:00,0 days 06:30:00,,57.00359342724381,44.6009094700687,52.91853058309797,19.21766760492071,5.444828621971644,22.030593413610543,27691.197430159213,28029.885430874136,27420.12242683727,27858.865280791062,27828.002620936484,27964.402494118003,27774.658633242077,27989.980224813688,69.99460219832982,80.1550307302088,27391.868797312298,28013.692853581124,27713.944521937658,28472.607810912734,27137.299690518506,27727.522759754975,434.9577604629992,294.4312038507685,1.4721916094900807
2,14210,14226,28028.85,27892.19,,,-385.1620799999997,111.84208,-0.006870814892512575,2023-05-29 05:30:00,2023-05-29 09:30:00,0 days 04:00:00,,35.27701098931787,23.797577687266074,23.118811701457922,16.08864434306934,17.607425713324336,21.396554626611643,28022.395323463054,27925.075471749387,27881.172556187106,27906.626408146356,28011.203208714665,27911.339816726024,28009.699563319955,27912.69924252971,79.26638762696612,73.55974140827611,28052.198433432397,28021.74101313734,28514.56627620737,28482.251654612493,27769.57141181605,27745.609747152397,260.7418396677882,30.05413058879992,-6.870814892512575
1,15020,15063,26072.55,27012.17,,,886.535279999999,53.08472,0.03400263035261225,2023-06-06 16:00:00,2023-06-07 02:45:00,0 days 10:45:00,,30.67745288724023,45.82185948350914,34.31209838283705,22.68860084410163,13.81579181101635,18.772790592917403,25941.475934751004,27071.901215382703,25810.409853228895,26814.54882991611,26053.711087339118,27013.890306729667,26017.05336920062,27038.09977020214,92.07519316224794,106.34925953534156,25731.45668611008,27027.303387386266,26081.57047785458,27697.02382646857,25335.841024811656,26604.53571391037,438.90327165602537,46.21227286995921,34.00263035261225
2,16305,16321,27133.23,26986.8,,,-401.10006000000055,108.24006,-0.007391306895640477,2023-06-20 01:15:00,2023-06-20 05:15:00,0 days 04:00:00,,22.301411729746594,27.807111901000628,35.40394902382857,26.94471941079638,10.480929122567364,16.293725878221682,26895.75152417333,26932.98804683201,26707.79962196471,26810.542836756344,26978.4572773378,26945.77034251198,26949.485823520765,26942.458690698346,82.24379604614101,74.452198829079,26711.48302680533,26856.11836484078,27080.659045634377,27179.93444705273,26414.706020181497,26584.54704660694,377.9044624601912,30.273057792371375,-7.391306895640477
1,16401,16426,28868.21,28878.14,,,-47.81634999999971,57.74635,-0.0016563669863839865,2023-06-21 01:15:00,2023-06-21 07:30:00,0 days 06:15:00,,69.57970433290716,64.00393030505727,48.17377673548467,31.482653774424286,3.667724949599724,9.336714824381577,28448.676362413542,28836.879250203794,27881.830554755656,28469.010197313622,28630.803794528798,28867.680187629125,28562.249604285775,28859.12754220823,125.73204572873323,110.37928442764137,27994.960739821654,28664.3099673705,28757.176038182046,29239.769882735185,27524.74226631769,28269.313462708804,632.4369476341018,42.40894546268588,-1.6563669863839865
1,16456,16501,29558.93,30159.35,,,540.7017199999982,59.71828,0.0182923306087196,2023-06-21 15:00:00,2023-06-22 02:15:00,0 days 11:15:00,,60.315238236102935,13.99729362007132,37.1467136885346,23.468072997163066,5.777377819081531,19.615425060632266,29278.268819233494,30153.872744107874,28904.666291129743,29900.84790947367,29454.73025075644,30199.41523467238,29391.110301541583,30184.004127715503,125.6703723639263,153.0339746158098,28948.116284448053,30051.51192597948,29575.742805852387,30914.46302885015,28507.91035470057,29512.524486918817,613.7268596815422,60.74374592444847,18.292330608719602
3,16799,16800,30940.54,30901.35,,,-303.095670000007,185.52567,-0.003265356390030767,2023-06-25 04:45:00,2023-06-25 05:00:00,0 days 00:15:00,,36.301739444875864,37.37280760817698,35.089774600680045,31.92565559659153,10.975809643680172,10.277058566263722,30787.17636975602,30806.49077440894,30659.084735469594,30669.031216431573,30874.15137383636,30887.007582557573,30845.31666786679,30862.167500900094,82.06188675388746,82.52184901880973,30597.837775893546,30606.161934832937,30898.036063058138,30908.813214723716,30279.195148823477,30286.769096930977,45.706525841677454,46.616322396120545,-3.265356390030767
1,17044,17050,30738.81,30681.77,,,-118.46058000000087,61.42058,-0.0038537789849379537,2023-06-27 18:00:00,2023-06-27 19:30:00,0 days 01:30:00,,22.88026306261536,20.126062781709887,21.362308099262584,20.92668524622871,15.175095709586506,15.413946212515098,30675.728523715283,30695.468768194798,30576.95445283262,30604.475201878195,30696.098537206493,30708.32120216902,30688.68676237203,30704.659609318656,103.50129568860275,99.04637686300579,30626.2412406216,30652.716774903107,31070.216177532515,31087.99185008983,30251.633757864576,30294.195760195707,388.39836504953263,43.94658555072059,-3.8537789849379536
1,17626,17634,31336.0,31024.28,,,-374.08028000000115,62.36028,-0.011937716364564779,2023-07-03 19:30:00,2023-07-03 21:30:00,0 days 02:00:00,,33.505718630765806,30.20871722239416,30.576384020121978,17.705737682305422,7.6694234742150975,23.58477936081594,31123.48987576668,31128.08751547909,30882.082780325287,30955.798649869164,31223.085882093754,31104.54247307057,31188.859901348354,31120.221077617593,80.55317215312492,84.38523197910574,30836.170997503905,30977.176173578322,31187.757643721394,31376.637433398082,30530.32284669546,30656.734996903804,432.71660834655955,379.2701879319451,-11.937716364564778
2,18322,18338,30495.89,30462.28,,,-189.13634000000116,121.91633999999999,-0.003101013611998279,2023-07-11 01:30:00,2023-07-11 05:30:00,0 days 04:00:00,,20.673697535709973,10.726070920038206,28.50696654146357,20.783323312685337,20.534112365616398,21.62947672110593,30459.27801144973,30463.073735980648,30421.650236720245,30447.09692525558,30478.777891174246,30453.737566039374,30466.485748578594,30457.109280847075,81.36969852112001,71.23340441933135,30505.743747443543,30478.667408506764,30883.194897884776,30855.192272617995,30202.088494275933,30190.59702729488,268.86601766311594,21.346848549702237,-3.101013611998279
1,18581,18626,31405.58,31382.31,,,-86.05789000000044,62.787890000000004,-0.0027402101792102207,2023-07-13 18:15:00,2023-07-14 05:30:00,0 days 11:15:00,,43.40756491022004,15.229352199414247,37.590165464711944,19.537183630784874,6.589178246101639,16.912101451876328,31023.223297867942,31422.809687877438,30707.784875759597,31308.090345354998,31188.00699556651,31399.37392640265,31129.486774202367,31409.76473067672,99.88198602777771,103.75198630775259,30657.760395322577,31417.486207925966,31085.80387853919,31985.44098902644,30279.742995649252,31054.19017576573,665.4757756552349,33.378872208670096,-2.7402101792102207
2,18980,19001,30247.53,30152.69,,,-310.48044000000027,120.80044000000001,-0.005132327168532435,2023-07-17 22:00:00,2023-07-18 03:15:00,0 days 05:15:00,,35.109278333587,12.688553057940908,28.800809974589782,19.967024793427242,19.848409569811214,20.903787174284005,30068.120577939604,30152.74544842457,30105.691846994894,30136.750645177526,30145.358824124593,30141.58691973811,30112.76030304378,30147.69288841882,76.46084785207925,66.44975519582175,30071.73604234848,30099.792671693278,30351.813939999873,30359.53562053198,29756.836357920976,29790.57470267142,348.27832912832935,23.01232315708941,-5.132327168532435
3,19564,19571,30081.61,29880.22,,,-784.0554899999983,179.88549,-0.008688093157247877,2023-07-24 00:00:00,2023-07-24 01:45:00,0 days 01:45:00,,21.28452450400817,21.86986864930123,25.773571187776678,14.720563789158057,20.194865010601436,31.91531427015475,30055.3895606386,29989.394525722724,30017.972343422392,30007.66112007181,30062.46086179179,29943.304545180315,30058.051127994087,29961.31105938251,47.24499317033741,48.93865307681861,30055.114309302575,30061.569150463514,30284.48795664733,30309.167032064855,29880.6972453941,29881.26824449413,162.9628758235912,189.6572193665752,-8.688093157247877
1,19839,19868,29584.35,29403.57,,,-239.76791999999884,58.98792,-0.00810455257593957,2023-07-26 20:45:00,2023-07-27 04:00:00,0 days 07:15:00,,26.07849473007163,13.7542147476654,31.001483703971118,22.78819701114467,9.56159001613018,17.497597296428168,29436.469945598572,29404.08481412445,29317.829889176017,29377.336813922404,29511.784359352103,29415.42858129523,29483.755519670718,29411.28547147419,63.99413739102978,59.82195672106988,29300.88739789541,29412.90163214259,29556.346559127513,29684.83895064014,29064.47700575298,29191.48565247349,371.7797027483625,19.774465393104773,-8.10455257593957
2,20239,20272,29485.36,29388.75,,,-310.96822000000117,117.74822,-0.005273264765972,2023-07-31 00:45:00,2023-07-31 09:00:00,0 days 08:15:00,,28.71130082628639,14.44123904642783,37.57672652233695,20.00385146644888,13.318842849881973,16.534729185824254,29309.92582042765,29387.027582145492,29292.34829923925,29373.683465739457,29380.650879348068,29378.215477847723,29351.17907017596,29381.385923704434,42.534485972316006,38.461927743662294,29276.75240543252,29400.975657169274,29456.929717550778,29591.223948306586,29096.0251236939,29208.408256765288,249.30610829303086,15.936973606050916,-5.273264765972
2,20408,20424,29251.66,29241.08,,,-138.1454799999962,116.98548000000001,-0.00236132718621771,2023-08-01 19:00:00,2023-08-01 23:00:00,0 days 04:00:00,,39.12177005167892,40.536073595260596,36.45304654225351,39.348172133684415,15.567714267059163,8.898509121520815,29045.9868757948,29225.689390323314,28958.11231448773,29084.81327302925,29144.185896314248,29266.397955479835,29107.36543728586,29251.821882932993,65.1685164509063,64.41734577990525,28885.23530557781,29058.97265039635,29121.366745629464,29335.220240294388,28581.026785573595,28792.655712057167,290.7770012806483,33.806140335217016,-2.36132718621771
2,20427,20445,29475.36,29569.27,,,69.73073999999971,118.08926,0.0011828649421076636,2023-08-01 23:45:00,2023-08-02 04:15:00,0 days 04:30:00,,47.04747434705802,46.774458291403526,48.96108452050307,26.299311608721855,5.364414972564427,23.07066545763695,29351.867728047488,29694.70961933027,29135.591574120197,29456.355190222723,29478.815320142174,29653.312214399335,29428.381731862355,29674.438716019496,71.19738098928052,76.15997382371135,29101.324485706842,29511.228456432073,29415.150123335472,29915.31316422002,28813.666470890712,29211.900330117034,354.1981546835741,258.8334207961183,1.1828649421076636
2,20982,21017,29111.36,29165.02,,,-9.232760000000297,116.55276,-0.0001585765831619945,2023-08-07 18:30:00,2023-08-08 03:15:00,0 days 08:45:00,,27.255294206674638,28.063974060083638,24.58669665303831,27.689921438938768,15.14673159108737,15.801278677059747,28985.1283550389,29156.56843853488,28989.96916860562,29110.33734666641,29047.075449679378,29160.735872598932,29020.357994101032,29158.75247128024,53.51021670844261,46.242529304191486,28969.29307302031,29132.70196007521,29173.727507943164,29355.584835793048,28757.35871394442,28912.21029338279,304.41895006046514,15.328612438779661,-0.1585765831619945
2,21071,21093,29689.88,29759.66,,,20.660919999997674,118.89908,0.00034794549523272517,2023-08-08 16:45:00,2023-08-08 22:15:00,0 days 05:30:00,,51.85081965218627,49.04615616044053,43.90212310509214,28.94982757578125,6.98180311388444,18.80582830349929,29556.26603515517,29875.74289646482,29366.677161936608,29672.15889434239,29640.08138351806,29840.032383209003,29609.565060828543,29861.21278462274,58.967869875890656,74.62279637351617,29354.551475118285,29732.59509942973,29614.51434500691,30105.737911267126,29139.255312678793,29463.977380861594,308.549760816139,364.9606290845183,0.34794549523272517
2,21594,21631,29357.94,29323.81,,,-185.62349999999475,117.3635,-0.0031613849609338045,2023-08-14 03:30:00,2023-08-14 12:45:00,0 days 09:15:00,,39.86759398817189,12.567892565577349,23.897133911839042,18.53854958037561,20.372276786852286,24.68439026035589,29289.710556755777,29353.67500860137,29317.2693618587,29359.61405121041,29318.92019742604,29339.582117320027,29305.09680290804,29344.43589713932,32.0098623142377,30.192067742527573,29313.046566366706,29377.245644996856,29440.151213284887,29516.070150404546,29181.88502519441,29221.424434369797,218.06987988379427,98.79306108775548,-3.1613849609338045
3,21639,21652,29523.32,29453.39,,,-386.72013000000084,176.93013,-0.004366267411659722,2023-08-14 14:45:00,2023-08-14 18:00:00,0 days 03:15:00,,19.454307468704837,29.011844292328213,38.43286050892507,17.954935687995484,12.837023250368087,41.5050355061566,29397.156808464293,29492.882653818968,29368.13217047255,29436.95969912147,29443.218476152102,29442.5884091032,29422.97180711565,29470.529083417892,34.27145088519748,45.18390101917599,29371.61283392827,29426.470419391146,29525.3182390788,29618.795338123826,29206.324082395116,29237.731760908584,172.5367953460773,277.21931006273513,-4.366267411659722
3,22124,22133,26209.48,26064.87,,,-590.6530500000017,156.82305,-0.007511951782332223,2023-08-19 16:00:00,2023-08-19 18:15:00,0 days 02:15:00,,28.273505227020582,35.11180140846355,36.77770964101578,26.646045378572946,8.280928223942706,17.446479321707184,26045.906546533155,26091.71630052957,25982.107725031165,26022.722248359467,26110.376025120226,26090.262089359425,26087.304394537634,26095.287448988664,72.17511383495304,71.58541702376812,25927.28850233711,25987.170965203863,26188.28848104589,26256.39619855266,25630.582487089137,25690.04949806552,171.41178064694208,151.0359663110134,-7.511951782332223
1,22444,22466,26041.94,26008.67,,,-85.32061000000044,52.05061,-0.0032762770361962575,2023-08-23 00:00:00,2023-08-23 05:30:00,0 days 05:30:00,,27.37562993346051,17.82895816770395,29.031980890351523,22.724261991408692,18.903145799238676,19.671521577159286,25917.63793007492,26013.599603245646,25906.411430945573,25973.511783865742,26017.46602559404,26014.51141007632,25976.370307677804,26014.82943496301,79.19843964775626,65.77222078759696,25850.4699661413,25961.80870251963,26133.11430234991,26239.349647600844,25515.553523948987,25663.56669844405,405.89307538467176,19.633302261509925,-3.2762770361962574
2,22538,22547,26486.24,26373.42,,,-331.35932000000673,105.71932000000001,-0.006255310682075044,2023-08-23 23:30:00,2023-08-24 01:45:00,0 days 02:15:00,,31.44256206326787,20.375711156562527,25.932397618214342,21.582042656168884,21.43626166970242,27.982724213298066,26471.59256390375,26436.302232624017,26346.587867421797,26374.653368551863,26458.389004271543,26402.141282842404,26461.471317871074,26416.490378454808,83.90059590707527,79.18086316188193,26435.084687952552,26484.183673191837,26880.342229687765,26936.74612573449,26091.63075727269,26163.15759499214,281.3631795067619,32.07002413652057,-6.255310682075044
2,22974,23002,26148.69,25963.91,,,-473.78519999999764,104.2252,-0.009059444278088113,2023-08-28 12:30:00,2023-08-28 19:30:00,0 days 07:00:00,,38.811355765569765,32.749596952484254,39.21664382785668,14.363633209724297,10.729311713407004,34.98540576878645,26004.574513972497,26078.604671504792,25986.456420991253,26065.984818251796,26059.979730627136,26034.98203726541,26038.17354148732,26054.299570566633,37.84780479623391,44.227769652781035,25946.968654336935,26089.24477854442,26085.075351238498,26296.12952252952,25792.954481766155,25898.115252244475,225.85909521053225,203.1248609713989,-9.059444278088113
1,23078,23121,26966.42,27543.81,,,522.8797700000031,54.51023,0.019390032863094205,2023-08-29 14:30:00,2023-08-30 01:15:00,0 days 10:45:00,,34.03880679298736,24.46285775830702,71.56288634548856,18.967278087798338,2.374243117197353,28.31539399574764,26398.19452279489,27639.385927076175,26113.949490779833,27426.02719663783,26790.86558629074,27598.512425343222,26620.03722306539,27615.097858193127,74.3280282668114,105.88316127918894,25999.859012792345,27740.31384027978,26280.49612250322,28677.148880296205,25705.868098533014,27342.548533367484,865.1347173451995,325.3840303054324,19.390032863094206
3,23259,23261,27465.13,27264.77,,,-765.2697000000018,164.18970000000002,-0.009287773260130262,2023-08-31 11:45:00,2023-08-31 12:15:00,0 days 00:30:00,,24.261174674726682,22.277745469418868,40.26514763087878,28.75484399295747,5.545510104267557,23.591910860103653,27272.989705504362,27264.385055420284,27247.83397874181,27247.549551310687,27314.433865163883,27273.103940072837,27297.220433542225,27272.7727438675,56.791552615484896,61.245163131911696,27235.015801233145,27237.15187499893,27451.189600168116,27468.010233361012,27012.49601933215,27001.673558507522,210.18492326623465,55.49707361184555,-9.287773260130262
1,23860,23888,25847.94,25742.86,,,-156.6707999999981,51.5908,-0.0060612489815435,2023-09-06 18:00:00,2023-09-07 01:00:00,0 days 07:00:00,,24.5727384781311,9.763458088511731,32.11889493227093,21.576409119295107,17.80886002674118,19.910341871370196,25662.99320557362,25738.985825788226,25680.335807992393,25707.280528153242,25722.24528648694,25744.52689002703,25694.443205290554,25743.80683945487,59.60946964003585,54.60954440933788,25669.072644700384,25690.449044130433,25893.368091741144,25910.2294099762,25439.928898690443,25451.21567593741,461.70957385783163,16.99056693409642,-6.0612489815435
2,24258,24271,25887.23,25696.68,,,-484.26781999999855,103.16782,-0.009353411315154155,2023-09-10 21:30:00,2023-09-11 00:45:00,0 days 03:15:00,,31.69538362252305,22.78794230118816,27.933904395888586,19.315665962699427,21.448699944047263,31.236742586923683,25816.964600002528,25800.402679880557,25792.390340330865,25804.78806815017,25856.871007129506,25763.41971212885,25842.908887503352,25779.71229563551,38.297624568931134,44.452737336466356,25758.180855551822,25795.271750113992,25896.081864874097,25967.3503727714,25603.67801747569,25615.172968533905,191.06067520406515,218.0881972460287,-9.353411315154155
1,24378,24406,25858.82,26244.3,,,333.3768799999996,52.103120000000004,0.01289219229647744,2023-09-12 03:30:00,2023-09-12 10:30:00,0 days 07:00:00,,29.66125702938873,46.70840479030782,54.40500593845488,46.52051268475147,6.707940719382549,7.950917988865612,25371.844868813754,25910.988615666018,25272.534234691448,25651.304247826316,25555.552469171,26019.19174704111,25479.2515281056,25976.63504898049,79.70892246929941,88.93207562215919,25148.46596919293,25683.727204418985,25433.117335987245,26165.434402659997,24722.53606435393,25266.241527081907,440.9559725268693,424.0883057479785,12.89219229647744
1,24441,24449,26068.76,26121.27,,,0.3199700000020371,52.19003,1.2274078245492603e-05,2023-09-12 19:15:00,2023-09-12 21:15:00,0 days 02:00:00,,28.461822985295864,27.571751938215776,35.47935941189377,30.748152032615288,18.83990749813517,17.473247570495865,26050.0828903004,26087.87229110303,25989.067757097753,26018.592183094675,26045.80558759623,26106.857942451552,26039.954845067172,26098.980628944177,102.33569867498726,94.38876631587351,26117.29253727494,26109.045058414304,26540.984138634234,26509.18288946563,25753.52103199238,25765.392369749337,386.0705944332851,35.907629282866225,0.012274078245492603
2,24980,25010,26879.6,26914.04,,,-38.707279999995336,107.58727999999999,-0.0007200122025624502,2023-09-18 10:00:00,2023-09-18 17:30:00,0 days 07:30:00,,41.85510179242131,36.49062992835694,40.99835302070811,10.75826472924448,6.794011331692773,44.164071379454015,26780.56821474994,27146.1280426919,26656.38390850204,27044.800930700363,26845.378772420838,27031.407638717843,26821.123922312836,27082.66368198263,49.36106976443371,75.98165232202524,26649.431544829167,27166.704206131508,26873.300246778457,27552.66902210029,26453.18671421511,26891.865134326858,247.6463919369476,428.20994849375353,-0.7200122025624502
1,25098,25122,27337.23,27030.73,,,-360.86796,54.36796,-0.013200604450414315,2023-09-19 15:30:00,2023-09-19 21:30:00,0 days 06:00:00,,24.93688002516758,19.180554532147827,31.690586138437947,12.832491882025208,15.661143984400422,27.981267975818426,27203.55062512611,27147.879887823132,27075.90411165444,27144.265423577992,27255.75831840097,27117.224219545235,27233.239731869995,27128.905047681343,87.24289543324788,89.36027338566386,27110.411029549854,27209.12077592554,27513.491640758577,27606.681664005697,26743.668704206193,26880.529112431876,453.31610789395074,277.5738523567565,-13.200604450414314
2,25677,25705,26366.28,26292.9,,,-252.07835999999477,105.31836000000001,-0.004780317132337099,2023-09-25 16:15:00,2023-09-25 23:15:00,0 days 07:00:00,,30.368035990038827,18.632195953491394,32.73467027817088,24.0086247005706,9.465293649680383,17.18808118087912,26228.755837831577,26289.060193796384,26178.663626829497,26262.46350238977,26301.644327408994,26284.41571202479,26274.39391067422,26285.00453782851,54.3293068482995,50.932087474166885,26110.211085442686,26293.19470417363,26303.83807549225,26542.22669957006,25851.987608583313,26071.684370313294,255.67215587305392,15.47056837473274,-4.780317132337099
1,26278,26342,27880.55,28323.47,,,386.7159800000019,56.20402,0.013870457361852745,2023-10-01 22:30:00,2023-10-02 14:30:00,0 days 16:00:00,,41.01203954237637,39.66006540277719,58.00962486776039,22.816930058394732,6.576542903378146,13.840946674569443,27363.9179374705,28350.381213458237,27191.149032819027,28175.57769955998,27586.463871530363,28353.370200559733,27491.60499965943,28356.587155746183,57.11702244210038,86.65032369955583,27133.384680719864,28278.216971344147,27379.57109394391,28723.49198229351,26911.27643727468,27969.268096294007,526.0867675721099,425.4093678917478,13.870457361852745
1,26729,26766,27736.06,27939.69,,,147.9542499999974,55.67575,0.005334364361773062,2023-10-06 15:15:00,2023-10-07 00:30:00,0 days 09:15:00,,24.467807984897785,20.80146733605934,32.43768588079886,19.662682475103765,19.418998062088807,22.657458982801774,27646.376156177656,27964.115722232134,27602.778848484293,27891.330790800155,27716.754019028536,27942.287420418757,27684.41322351929,27949.900197375115,80.08362901784395,84.16211534155573,27619.557495249817,27961.40646103458,27937.741277044894,28326.41740177753,27301.239954078683,27618.276688923586,435.04711686611876,35.301120152237665,5.334364361773062
2,27030,27050,27669.03,27587.68,,,-273.2134199999971,110.51342,-0.004937170186305747,2023-10-09 18:30:00,2023-10-09 23:30:00,0 days 05:00:00,,32.751778672960874,19.99774041978825,28.35514267702102,20.772772159187873,15.129290315648102,16.672340408993826,27545.83931081284,27598.421485586543,27593.680688751803,27597.974129812916,27606.339548440817,27594.69850948431,27581.73597482011,27597.530534391975,69.2235952828354,61.35327603343028,27507.029373592042,27558.077427286484,27762.088305823334,27800.246961194123,27147.367435005617,27236.00997068115,313.6632357532118,21.31679577888772,-4.937170186305747
3,27440,27443,26894.41,26887.39,,,-182.4054000000013,161.34539999999998,-0.0022607597638320334,2023-10-14 01:00:00,2023-10-14 01:45:00,0 days 00:45:00,,17.074105048079453,15.200155757883433,20.486620171311966,24.894223001844157,20.44763026417242,18.35901256411011,26874.966358033045,26879.068294284014,26838.297308408273,26843.304328930237,26872.710737369256,26885.132811072373,26873.906190605252,26882.026674161592,59.68355849454714,58.42524498659982,26833.04164018885,26845.718087130736,27073.90075605988,27088.260751162186,26598.48742994078,26615.141175215704,191.59830536670148,26.017030285613355,-2.2607597638320334
2,27618,27650,27168.77,27767.19,,,1086.9680799999965,109.87192,0.020003998708811546,2023-10-15 21:30:00,2023-10-16 05:30:00,0 days 08:00:00,,48.337299886218275,40.91255506585292,26.811493587161355,63.41500126251379,9.875639281347388,6.495157465082212,27102.092413619423,27403.2877917231,26984.305300417385,27196.83809245148,27148.086336386496,27572.26141879433,27134.221108816047,27500.491504850765,37.66361287464329,58.94634626120608,26958.19417720943,27193.582437078105,27105.074002173227,27468.00621350024,26813.76748631635,26981.34399098819,260.04280798078713,411.2862583090572,20.003998708811547
3,27678,27682,27803.48,29412.84,,,4656.431040000001,171.64896000000002,0.05582551824447881,2023-10-16 12:30:00,2023-10-16 13:30:00,0 days 01:00:00,,24.570573063919472,34.02947756538023,27.326560039961684,52.45291331779464,20.570544899802627,3.294373925177857,27772.426568842897,28089.504556368083,27601.08830907377,27717.53843431951,27781.82500923656,28333.26185367636,27777.1390977531,28236.77248796094,62.26045433950241,130.79541958029074,27718.318282116496,27766.695334862547,28067.337150094383,28369.73328211402,27500.223416005218,27308.8323990506,189.52980740817947,1597.5854836421715,55.82551824447881
1,27705,27739,28730.57,28329.54,,,-458.09010999999884,57.06011,-0.01594434464753047,2023-10-16 19:15:00,2023-10-17 03:45:00,0 days 08:30:00,,60.308863478385554,18.21994102057793,42.80542455836914,18.029645152966793,6.2496894564576255,24.82369589510167,28402.131088466278,28355.63330501408,28055.22795048883,28312.83298348695,28545.59041056435,28325.53851842081,28494.604362730355,28336.22611901825,144.86399048622482,117.3296135611975,28103.507410201102,28427.248385420342,28734.57776231834,28918.434557736633,27595.393118448246,28010.247934708,561.5884347810235,34.55809819152316,-15.94434464753047
1,28047,28064,29832.55,29543.98,,,-347.9465299999997,59.37653,-0.011663318422327264,2023-10-20 08:45:00,2023-10-20 13:00:00,0 days 04:15:00,,52.83100813811307,45.01735775379461,40.09282063285142,19.19524943628404,5.8268087947819405,24.21588311344397,29458.89330623159,29717.186328611817,29092.703722184397,29439.7595990423,29620.454542051142,29629.731049802343,29559.431880516146,29673.049461136146,101.76260116466003,122.35459123767268,29090.28271173634,29553.01640552779,29570.149444050137,30165.62345793132,28723.402510914802,29113.160931920538,503.99397105036667,564.3895537646449,-11.663318422327263
1,28316,28340,30745.61,30489.24,,,-317.604849999999,61.23485000000001,-0.010330087775132737,2023-10-23 04:00:00,2023-10-23 10:00:00,0 days 06:00:00,,43.44910308068433,27.95644259302952,41.940478814061,22.362133991099622,6.804173426006065,25.84856959406127,30409.652641082084,30568.652810487958,30121.22630459577,30440.66984865384,30548.438990799936,30519.695281803473,30502.204392892476,30536.808844812567,96.2243995366878,106.09343175621208,30035.342744129437,30579.471405323777,30406.83462588766,31148.945424529637,29681.310589319215,30184.971802539974,563.7657747323623,370.8583179130441,-10.330087775132737
2,28344,28355,30571.41,30521.95,,,-221.10671999999826,122.18672000000001,-0.0036162335986465338,2023-10-23 11:00:00,2023-10-23 13:45:00,0 days 02:45:00,,21.64432336346422,20.418014750118605,25.111734147753744,23.046121878492897,21.52910790582609,25.758163728928036,30561.34062036883,30617.183384438682,30456.99759475136,30522.740526256533,30550.603635911793,30606.545359370168,30549.941118866478,30613.20393297525,103.41433675546278,106.17711921397708,30607.31067079576,30620.784616762707,31177.52900163399,31205.028521434542,30222.972469537835,30227.760184307605,309.14893872423437,381.57537375005387,-3.616233598646534
1,28367,28391,31046.16,33958.92,,,2847.7549199999985,65.00507999999999,0.09172647825045031,2023-10-23 16:45:00,2023-10-23 22:45:00,0 days 06:00:00,,24.909866553715254,39.106602748350596,32.542861308529474,55.23120216601791,9.332734726588876,4.2661297834797045,30904.32668855886,32207.537092720228,30663.427066636392,31320.68897232218,31032.18870010402,32821.23977898658,30984.765280529515,32582.351771067024,122.2595751401392,233.50707981365107,30660.70153440269,31177.659572727345,31305.79096160593,32173.038473947046,30208.683329944124,30338.085636346885,632.2225555994025,2199.3232426814343,91.72647825045031
1,28429,28451,34050.6,34459.91,,,340.79949000000494,68.51051,0.010008619231379322,2023-10-24 08:15:00,2023-10-24 13:45:00,0 days 05:30:00,,25.438236659709663,26.75565828345885,21.933004503850174,20.824824530164786,17.42261197369354,20.691112432496702,34031.40079755379,34479.13822702296,33451.382114391425,34039.4765712105,34023.65785448074,34471.45635778594,34013.821986095405,34483.64745659847,272.7220249506105,250.37792661039776,34029.3587920134,34276.88152742054,35629.005338651616,35874.65799529616,33070.85720765882,33384.75514288947,759.784243097424,116.39471948592177,10.008619231379322
2,28545,28551,34517.05,34692.88,,,213.24013999998894,138.41986,0.003088910263188642,2023-10-25 13:15:00,2023-10-25 14:45:00,0 days 01:30:00,,28.459828910129122,34.57908439856811,37.90179014448778,34.57511638938603,10.546954991644913,9.490111938745017,34327.449585471135,34490.64000324994,34143.132556438184,34230.49020465166,34415.20237437896,34621.61352806619,34386.59591981667,34574.32377088534,181.02200850909924,184.48903704354856,34096.49258642689,34172.48025675496,34797.390242529706,34882.65221864544,33360.47511096627,33449.426500846166,351.098336807426,94.41307169462435,3.0889102631886423
1,29022,29039,34830.49,34406.26,,,-493.46674999999595,69.23675,-0.014167666030538104,2023-10-30 12:30:00,2023-10-30 16:45:00,0 days 04:15:00,,24.90354543724677,19.262396798095192,30.76350057786556,18.010021692275032,13.170003167030837,24.693516798513603,34610.573441915134,34577.9522236772,34466.68479353835,34540.90991064261,34699.24659634943,34515.95023769001,34669.189610040754,34541.8918746446,89.0636219988174,99.69177816532616,34383.618544505014,34580.2380014137,34762.82291157433,35027.53936662731,33985.61700331608,34142.90037606112,391.57792302121885,383.04791150779556,-14.167666030538104
1,29247,29282,34973.85,35251.31,,,207.23483999999914,70.22515999999999,0.005925422565716936,2023-11-01 20:45:00,2023-11-02 05:30:00,0 days 08:45:00,,26.21107813733403,38.8273687710045,43.766014897229034,19.8831762121734,7.508519255677058,23.584989220666973,34784.01338411859,35460.26564477037,34567.37163446587,35269.473954248184,35001.1559855185,35362.08298319398,34911.75980968353,35402.86139815117,130.03009124778495,139.95604786583132,34494.51589658869,35453.64488242966,35021.60408914804,36192.442185838125,34002.94056459655,34918.1846959905,721.8933969484655,444.7410466441979,5.925422565716936
3,29482,29500,34862.9,34730.12,,,-607.1190599999966,208.77906000000002,-0.005804824612983922,2023-11-04 07:30:00,2023-11-04 12:00:00,0 days 04:30:00,,24.625687644244447,18.407669659870862,28.811363158559782,21.124038524778495,13.387319366639971,21.42258548926121,34789.17350128163,34765.391108066426,34703.05745116771,34742.80264987452,34829.3005825479,34745.192714001765,34815.919860095404,34752.99881005993,90.79221844562069,79.73568716026067,34711.22434836046,34774.94598304699,35078.95650358,35077.705027381366,34372.42191550718,34484.69173155993,199.7541904330419,127.21774415994803,-5.804824612983922
3,29543,29549,35048.35,34979.82,,,-415.6745099999965,210.08450999999997,-0.003953343595347488,2023-11-04 22:45:00,2023-11-05 00:15:00,0 days 01:30:00,,30.64492206821373,36.48732474516595,46.49605852321507,30.20396456799208,6.942367777110148,16.87547742530423,34924.50380852122,35002.064582092986,34808.48397035486,34861.61572375823,35025.797903095954,35029.57755253517,34985.745907456825,35028.58899329493,65.88919176648722,69.86650912127652,34774.211189877315,34824.94707747911,35042.92323528916,35105.80147906746,34521.90176780552,34557.78239628496,202.7569007862619,47.257677293041866,-3.953343595347488
2,29649,29660,35121.47,35009.24,,,-364.7214200000064,140.26142,-0.005192285801249244,2023-11-06 01:15:00,2023-11-06 04:00:00,0 days 02:45:00,,20.982102113193807,13.85031769218041,32.05621523695507,24.476583351533883,23.206282328230383,21.513911397806908,35048.191820380096,34958.647555177085,35024.79322907023,34993.04665633138,35086.35676241467,34954.12023482997,35073.45930957653,34953.01307972516,92.22332164943894,92.31039244047186,35005.355611277446,34990.26136998585,35358.914160024215,35339.25978228058,34625.61109430946,34619.526709419646,328.74653571915684,45.319150334545675,-5.192285801249244
1,29942,29979,36371.72,36769.82,,,324.9584599999985,73.14154,0.008934371539206863,2023-11-09 02:30:00,2023-11-09 11:45:00,0 days 09:15:00,,51.968150953919334,44.187901466369446,41.751071870393474,27.722106713100963,6.2354193547776795,11.466925987751795,36008.94540401078,36761.89476695431,35694.620275770554,36473.963923907504,36181.36285094537,36782.66531825438,36115.27946920458,36777.40439753241,137.8449908613903,134.8177346974479,35683.9412732104,36635.409119806245,36266.834408781026,37272.870481727135,35168.410380567824,36157.749898836766,707.078280644459,57.53303826707676,8.934371539206863
